,resultId,NN_Outcome,NN_Bin
1,24204,1,1
3,24206,2,1
2,24205,3,1
0,24203,4,2
11,24214,5,2
14,24217,6,2
7,24210,7,3
4,24207,8,3
18,24221,9,3
8,24211,10,3
12,24215,11,4
6,24209,12,4
17,24220,13,4
10,24213,14,4
13,24216,15,4
19,24222,16,4
5,24208,17,4
15,24218,18,4
16,24219,19,4
9,24212,20,4
20,24223,1,1
24,24227,2,1
23,24226,3,1
21,24224,4,2
30,24233,5,2
37,24240,6,2
26,24229,7,3
25,24228,8,3
38,24241,9,3
22,24225,10,3
33,24236,11,4
27,24230,12,4
28,24231,13,4
32,24235,14,4
36,24239,15,4
39,24242,16,4
29,24232,17,4
34,24237,18,4
35,24238,19,4
31,24234,20,4
40,24243,1,1
42,24245,2,1
41,24244,3,1
43,24246,4,2
49,24252,5,2
46,24249,6,2
54,24257,7,3
59,24262,8,3
44,24247,9,3
51,24254,10,3
48,24251,11,4
57,24260,12,4
53,24256,13,4
45,24248,14,4
50,24253,15,4
52,24255,16,4
47,24250,17,4
58,24261,18,4
55,24258,19,4
56,24259,20,4
61,24264,1,1
63,24266,2,1
60,24263,3,1
62,24265,4,2
69,24272,5,2
79,24282,6,2
67,24270,7,3
71,24274,8,3
75,24278,9,3
65,24268,10,3
66,24269,11,4
76,24279,12,4
68,24271,13,4
73,24276,14,4
64,24267,15,4
70,24273,16,4
77,24280,17,4
78,24281,18,4
72,24275,19,4
74,24277,20,4
80,24283,1,1
82,24285,2,1
83,24286,3,1
81,24284,4,2
92,24295,5,2
95,24298,6,2
84,24287,7,3
98,24301,8,3
85,24288,9,3
99,24302,10,3
91,24294,11,4
93,24296,12,4
89,24292,13,4
87,24290,14,4
90,24293,15,4
86,24289,16,4
88,24291,17,4
94,24297,18,4
97,24300,19,4
96,24299,20,4
100,24306,1,1
101,24307,2,1
103,24309,3,1
102,24308,4,2
108,24314,5,2
110,24316,6,2
118,24324,7,3
105,24311,8,3
115,24321,9,3
104,24310,10,3
116,24322,11,4
107,24313,12,4
113,24319,13,4
111,24317,14,4
119,24325,15,4
106,24312,16,4
109,24315,17,4
112,24318,18,4
114,24320,19,4
117,24323,20,4
120,24326,1,1
121,24327,2,1
125,24331,3,1
124,24330,4,2
132,24338,5,2
123,24329,6,2
126,24332,7,3
122,24328,8,3
139,24345,9,3
127,24333,10,3
136,24342,11,4
128,24334,12,4
130,24336,13,4
134,24340,14,4
138,24344,15,4
129,24335,16,4
133,24339,17,4
131,24337,18,4
135,24341,19,4
137,24343,20,4
140,24346,1,1
144,24350,2,1
143,24349,3,1
148,24354,4,2
141,24347,5,2
155,24361,6,2
142,24348,7,3
150,24356,8,3
145,24351,9,3
147,24353,10,3
149,24355,11,4
154,24360,12,4
146,24352,13,4
152,24358,14,4
158,24364,15,4
153,24359,16,4
151,24357,17,4
159,24365,18,4
157,24363,19,4
156,24362,20,4
164,24370,1,1
160,24366,2,1
162,24368,3,1
163,24369,4,2
177,24383,5,2
169,24375,6,2
165,24371,7,3
168,24374,8,3
161,24367,9,3
171,24377,10,3
173,24379,11,4
166,24372,12,4
172,24378,13,4
175,24381,14,4
178,24384,15,4
170,24376,16,4
167,24373,17,4
174,24380,18,4
176,24382,19,4
179,24385,20,4
180,24386,1,1
181,24387,2,1
184,24390,3,1
195,24401,4,2
186,24392,5,2
197,24403,6,2
190,24396,7,3
182,24388,8,3
187,24393,9,3
189,24395,10,3
192,24398,11,4
191,24397,12,4
183,24389,13,4
185,24391,14,4
198,24404,15,4
196,24402,16,4
199,24405,17,4
188,24394,18,4
193,24399,19,4
194,24400,20,4
208,24414,1,1
214,24420,2,1
200,24406,3,1
211,24417,4,2
213,24419,5,2
212,24418,6,2
218,24424,7,3
215,24421,8,3
204,24410,9,3
203,24409,10,3
216,24422,11,4
219,24425,12,4
201,24407,13,4
206,24412,14,4
217,24423,15,4
205,24411,16,4
210,24416,17,4
207,24413,18,4
202,24408,19,4
209,24415,20,4
220,24426,1,1
221,24427,2,1
222,24428,3,1
227,24433,4,2
228,24434,5,2
237,24443,6,2
223,24429,7,3
226,24432,8,3
231,24437,9,3
225,24431,10,3
236,24442,11,4
224,24430,12,4
239,24445,13,4
229,24435,14,4
233,24439,15,4
235,24441,16,4
232,24438,17,4
230,24436,18,4
234,24440,19,4
238,24444,20,4
241,24447,1,1
243,24449,2,1
259,24465,3,1
242,24448,4,2
255,24461,5,2
257,24463,6,2
253,24459,7,3
240,24446,8,3
250,24456,9,3
256,24462,10,3
249,24455,11,4
245,24451,12,4
247,24453,13,4
252,24458,14,4
244,24450,15,4
258,24464,16,4
251,24457,17,4
248,24454,18,4
254,24460,19,4
246,24452,20,4
262,24468,1,1
272,24478,2,1
261,24467,3,1
274,24480,4,2
263,24469,5,2
265,24471,6,2
268,24474,7,3
260,24466,8,3
271,24477,9,3
264,24470,10,3
279,24485,11,4
267,24473,12,4
269,24475,13,4
270,24476,14,4
273,24479,15,4
277,24483,16,4
278,24484,17,4
266,24472,18,4
275,24481,19,4
276,24482,20,4
283,24489,1,1
280,24486,2,1
282,24488,3,1
285,24491,4,2
284,24490,5,2
281,24487,6,2
289,24495,7,3
286,24492,8,3
292,24498,9,3
291,24497,10,3
288,24494,11,4
297,24503,12,4
287,24493,13,4
293,24499,14,4
298,24504,15,4
299,24505,16,4
296,24502,17,4
290,24496,18,4
295,24501,19,4
294,24500,20,4
300,24506,1,1
304,24510,2,1
301,24507,3,1
317,24523,4,2
307,24513,5,2
303,24509,6,2
309,24515,7,3
305,24511,8,3
314,24520,9,3
302,24508,10,3
318,24524,11,4
310,24516,12,4
312,24518,13,4
319,24525,14,4
306,24512,15,4
308,24514,16,4
316,24522,17,4
313,24519,18,4
315,24521,19,4
311,24517,20,4
322,24528,1,1
321,24527,2,1
337,24543,3,1
320,24526,4,2
323,24529,5,2
333,24539,6,2
330,24536,7,3
336,24542,8,3
328,24534,9,3
324,24530,10,3
325,24531,11,4
331,24537,12,4
338,24544,13,4
326,24532,14,4
332,24538,15,4
339,24545,16,4
329,24535,17,4
327,24533,18,4
334,24540,19,4
335,24541,20,4
340,24546,1,1
345,24551,2,1
341,24547,3,1
344,24550,4,2
342,24548,5,2
343,24549,6,2
359,24565,7,3
353,24559,8,3
352,24558,9,3
347,24553,10,3
349,24555,11,4
348,24554,12,4
358,24564,13,4
351,24557,14,4
346,24552,15,4
355,24561,16,4
354,24560,17,4
350,24556,18,4
357,24563,19,4
356,24562,20,4
361,24567,1,1
379,24585,2,1
360,24566,3,1
362,24568,4,2
364,24570,5,2
369,24575,6,2
366,24572,7,3
373,24579,8,3
365,24571,9,3
363,24569,10,3
372,24578,11,4
367,24573,12,4
368,24574,13,4
370,24576,14,4
375,24581,15,4
377,24583,16,4
376,24582,17,4
374,24580,18,4
378,24584,19,4
371,24577,20,4
386,24592,1,1
396,24602,2,1
380,24586,3,1
393,24599,4,2
399,24605,5,2
383,24589,6,2
384,24590,7,3
385,24591,8,3
387,24593,9,3
398,24604,10,3
381,24587,11,4
397,24603,12,4
394,24600,13,4
392,24598,14,4
390,24596,15,4
388,24594,16,4
382,24588,17,4
391,24597,18,4
389,24595,19,4
395,24601,20,4
400,24606,1,1
401,24607,2,1
404,24610,3,1
405,24611,4,2
410,24616,5,2
407,24613,6,2
402,24608,7,3
415,24621,8,3
419,24625,9,3
411,24617,10,3
409,24615,11,4
417,24623,12,4
412,24618,13,4
403,24609,14,4
406,24612,15,4
413,24619,16,4
408,24614,17,4
416,24622,18,4
414,24620,19,4
418,24624,20,4
